1,john_doe,password123,John,Doe,john.doe@example.com,AB1 2CD,020 7946 0958,123 Main St, London
2,jane_smith,password456,Jane,Smith,jane.smith@example.com,EF2 3GH,020 7946 0959,456 Oak Ave, Birmingham
3,alice_wilson,password789,Alice,Wilson,alice.wilson@example.com,GH3 4IJ,020 7946 0960,789 Pine Rd, Manchester
4,bob_jones,password101,Bob,Jones,bob.jones@example.com,IJ4 5KL,020 7946 0961,101 Maple Dr, Leeds
5,emily_brown,password202,Emily,Brown,emily.brown@example.com,KL5 6MN,020 7946 0962,202 Birch Ln, Bristol
6,liam_taylor,password303,Liam,Taylor,liam.taylor@example.com,MN6 7OP,020 7946 0963,303 Elm St, Sheffield
7,olivia_davis,password404,Olivia,Davis,olivia.davis@example.com,OP7 8QR,020 7946 0964,404 Cedar Pl, Liverpool
8,ethan_miller,password505,Ethan,Miller,ethan.miller@example.com,QR8 9ST,020 7946 0965,505 Ash Rd, Newcastle
9,charlotte_jackson,password606,Charlotte,Jackson,charlotte.jackson@example.com,ST9 0UV,020 7946 0966,606 Willow Walk, Coventry
10,jacob_lee,password707,Jacob,Lee,jacob.lee@example.com,UV0 1WX,020 7946 0967,707 Chestnut Rd, Nottingham
11,grace_wilson,password808,Grace,Wilson,grace.wilson@example.com,WX1 2YZ,020 7946 0968,808 Palm Blvd, Edinburgh
12,harry_scott,password909,Harry,Scott,harry.scott@example.com,YZ1 3AB,020 7946 0969,909 Pinecrest Ave, Cardiff
13,sophia_adams,password1010,Sophia,Adams,sophia.adams@example.com,AB2 4CD,020 7946 0970,1010 Elm Park, London
14,james_roberts,password1111,James,Roberts,james.roberts@example.com,CD3 5EF,020 7946 0971,2020 Willow Road, Birmingham
15,emily_ward,password1212,Emily,Ward,emily.ward@example.com,EF4 6GH,020 7946 0972,3030 Birch Terrace, Manchester
16,jack_clark,password1313,Jack,Clark,jack.clark@example.com,GH5 7IJ,020 7946 0973,4040 Oak Crescent, Leeds
17,evie_martin,password1414,Evie,Martin,evie.martin@example.com,IJ6 8KL,020 7946 0974,5050 Maple Ave, Bristol
18,henry_lewis,password1515,Henry,Lewis,henry.lewis@example.com,KL7 9MN,020 7946 0975,6060 Cedar Road, Sheffield
19,ella_hall,password1616,Ella,Hall,ella.hall@example.com,MN8 0OP,020 7946 0976,7070 Ash Close, Liverpool
20,george_young,password1717,George,Young,george.young@example.com,OP9 1QR,020 7946 0977,8080 Pine Ave, Newcastle
